<?xml version="1.0" encoding="utf-16"?>

<OptionsWindowText xmlns:xsi="http://www.w3.org/2001/XMLSchema-instance" xmlns:xsd="http://www.w3.org/2001/XMLSchema">
  <Title>Nastavení</Title>
  <Language>Jazyk:</Language>
  <Color>Barva hráče:</Color>
  <Red>R:</Red>
  <Green>G:</Green>
  <Blue>B:</Blue>
  <Random>Náhodně</Random>
  <Set>Nastavit</Set>
  <InterpolationSettings>Interpolační nastavení</InterpolationSettings>
  <EnableInterpolation>Zapnout Interpolaci</EnableInterpolation>
  <InterpolationOffset>Interpolační kompenzace:</InterpolationOffset>
  <GenerateLmpModControl>Generovat server LMPModControl.xml</GenerateLmpModControl>
  <GenerateUniverse>Generovat vesmír</GenerateUniverse>
  <NetworkSettings>Nastavení sítě</NetworkSettings>
  <CannotChangeWhileConnected>Hodnota nelze měnit a současně být připojen na jakýkoliv server.</CannotChangeWhileConnected>
  <ResetNetwork>Resetovat Síť</ResetNetwork>
  <Mtu>MTU (Default: 1408):</Mtu>
  <AutoExpandMtu>Automaticky zvětšit MTU</AutoExpandMtu>
  <ConnectionTimeout>Timeout připojení (Výchozí: 15):</ConnectionTimeout>
  <GeneralSettings>Hlavní nastavení</GeneralSettings>
  <IgnoreSyncChecks>Ignorovat kontrolu warp synchronizace</IgnoreSyncChecks>
</OptionsWindowText>