<?xml version="1.0" encoding="utf-16"?>

<ModWindowText xmlns:xsi="http://www.w3.org/2001/XMLSchema-instance" xmlns:xsd="http://www.w3.org/2001/XMLSchema">
  <Title>LunaMultiplayer - Fejllagt mod validering</Title>
  <MandatoryModsNotFound>Obligatoriske mods ikke fundet:</MandatoryModsNotFound>
  <MissingExpansions>Manglende udvidelser:</MissingExpansions>
  <MandatoryModsDifferentShaFound>Obligatoriske mods med forskellige SHA fundet:</MandatoryModsDifferentShaFound>
  <Link>Link</Link>
  <ForbiddenFilesFound>Forbudte mods fundet:</ForbiddenFilesFound>
  <NonListedFilesFound>Ikke-listede og forbudte mods fundet:</NonListedFilesFound>
  <MandatoryPartsNotFound>Obligatoriske dele ikke fundet:</MandatoryPartsNotFound>
  <ForbiddenPartsFound>Forbudte dele fundet:</ForbiddenPartsFound>
</ModWindowText>