<?xml version="1.0" encoding="utf-16"?>

<ServerListWindowText xmlns:xsi="http://www.w3.org/2001/XMLSchema-instance" xmlns:xsd="http://www.w3.org/2001/XMLSchema">
  <Title>Server-Liste</Title>
  <NoServers>Keine Server gefunden!</NoServers>
  <Ping>Ping</Ping>
  <Players>Spieleranzahl</Players>
  <MaxPlayers>Maximale Spieleranzahl</MaxPlayers>
  <Mode>Modus</Mode>
  <WarpMode>Zeitraffer Modus</WarpMode>
  <Terrain>Terrain</Terrain>
  <Cheats>Cheats</Cheats>
  <Name>Name</Name>
  <Description>Beschreibung</Description>
  <Website>URL</Website>
  <ServerDetailTitle>Zum Server verbinden</ServerDetailTitle>
  <Password>Passwort</Password>
  <Connect>Verbinden</Connect>
  <Dedicated>Dediziert</Dedicated>
</ServerListWindowText>