<?xml version="1.0" encoding="utf-16"?>

<ModWindowText xmlns:xsi="http://www.w3.org/2001/XMLSchema-instance" xmlns:xsd="http://www.w3.org/2001/XMLSchema">
  <Title>LunaMultiplayer - Validacion de mods fallada</Title>
  <MandatoryModsNotFound>Mods obligatorios:</MandatoryModsNotFound>
  <MissingExpansions>Expansiones obligatorias no encontradas:</MissingExpansions>
  <MandatoryModsDifferentShaFound>Mods obligatorios pero con distinto SHA encontrados:</MandatoryModsDifferentShaFound>
  <Link>Link</Link>
  <ForbiddenFilesFound>Mods prohibidos encontrados:</ForbiddenFilesFound>
  <NonListedFilesFound>Mods no listados y prohibidos encontrados:</NonListedFilesFound>
  <MandatoryPartsNotFound>Partes obligatorias no encontradas:</MandatoryPartsNotFound>
  <ForbiddenPartsFound>Partes prohibidas encontradas:</ForbiddenPartsFound>
</ModWindowText>