<?xml version="1.0" encoding="utf-16"?>

<ModWindowText xmlns:xsi="http://www.w3.org/2001/XMLSchema-instance" xmlns:xsd="http://www.w3.org/2001/XMLSchema">
  <Title>LunaMultiplayer - Convalida della mod fallita</Title>
  <MandatoryModsNotFound>Mod richieste non trovate:</MandatoryModsNotFound>
  <MissingExpansions>Espansioni mancanti:</MissingExpansions>
  <MandatoryModsDifferentShaFound>Mod richieste con diverso SHA trovate:</MandatoryModsDifferentShaFound>
  <Link>Link</Link>
  <ForbiddenFilesFound>Mod vietate trovate:</ForbiddenFilesFound>
  <NonListedFilesFound>Mod non elencate e vietate trovate:</NonListedFilesFound>
  <MandatoryPartsNotFound>Pezzi richiesti non trovati:</MandatoryPartsNotFound>
  <ForbiddenPartsFound>Pezzi vietati trovati:</ForbiddenPartsFound>
</ModWindowText>