﻿<?xml version="1.0" encoding="utf-8"?>

<ScreenText xmlns:xsi="http://www.w3.org/2001/XMLSchema-instance" xmlns:xsd="http://www.w3.org/2001/XMLSchema">
  <CraftUploaded>Craft uploaded!</CraftUploaded>
  <CraftSaved>Craft saved!</CraftSaved>
  <ModFileGenerated>LMPModControl.xml file generated in your KSP folder</ModFileGenerated>
  <Disconected>You have been disconnected!</Disconected>
  <Spectating>This vessel is being controlled by</Spectating>
  <SafetyBubble>Remember!! While you're inside the safety bubble you won't be seen by other players!!</SafetyBubble>
  <CheckParts>If you use mod or DLC parts that other players don't have you won't be seen by them!</CheckParts>
  <CannotRecover>Cannot recover vessel, the vessel is not yours.</CannotRecover>
  <CannotTerminate>Cannot terminate vessel, the vessel is not yours.</CannotTerminate>
  <SpectatingRemoved>The vessel you were spectating was removed</SpectatingRemoved>
  <WarpDisabled>Cannot warp, warping is disabled on this server</WarpDisabled>
  <WaitingSubspace>Cannot warp, waiting subspace id from the server</WaitingSubspace>
  <CannotWarpWhileSpectating>Cannot warp while spectating</CannotWarpWhileSpectating>
  <ScreenshotInterval>Interval between screenshots is $1 seconds. Cannot upload the screenshot at this moment</ScreenshotInterval>
  <CraftLibraryInterval>Interval between craft library requests is $1 seconds. Cannot process the request at this moment</CraftLibraryInterval>
  <ScreenshotTaken>Screenshot uploaded!</ScreenshotTaken>
  <ImageSaved>Image saved to GameData/LunaMultiplayer/Screenshots</ImageSaved>
  <IncreasedInterpolationOffset>Warning! Your interpolation offset has been increased as it was too low for this server</IncreasedInterpolationOffset>
  <SackingKerbalsNotAllowed>This server does not allow firing kerbals</SackingKerbalsNotAllowed>
  <CannotLoadGames>LMP does not allow loading savegames</CannotLoadGames>
  <KerbalNotYours>Another player is using this kerbal</KerbalNotYours>
  <UnsafeToSync>Cannot sync while in unstable orbit or spectating as you might crash! You can turn off this check in settings</UnsafeToSync>
</ScreenText>