<?xml version="1.0"?>
<ModuleDefinition xmlns:xsi="http://www.w3.org/2001/XMLSchema-instance" xmlns:xsd="http://www.w3.org/2001/XMLSchema">
    <Fields>
        <FieldDefinition>
            <FieldName>servoIsLocked</FieldName>
        </FieldDefinition>
        <FieldDefinition>
            <FieldName>servoIsMotorized</FieldName>
        </FieldDefinition>
        <FieldDefinition>
            <FieldName>jointParentRotation</FieldName>
        </FieldDefinition>
        <FieldDefinition>
            <FieldName>servoMotorIsEngaged</FieldName>
        </FieldDefinition>
        <FieldDefinition>
            <FieldName>launchPosition</FieldName>
        </FieldDefinition>
        <FieldDefinition>
            <FieldName>servoMotorSize</FieldName>
        </FieldDefinition>
        <FieldDefinition>
            <FieldName>servoMotorLimit</FieldName>
        </FieldDefinition>
        <FieldDefinition>
            <FieldName>lockPartOnPowerLoss</FieldName>
        </FieldDefinition>
        <FieldDefinition>
            <FieldName>servoTransformPosition</FieldName>
        </FieldDefinition>
        <FieldDefinition>
            <FieldName>servoTransformRotation</FieldName>
        </FieldDefinition>
        <FieldDefinition>
            <FieldName>useMultipleDragCubes</FieldName>
        </FieldDefinition>
    </Fields>
    <Methods>
        <MethodDefinition>
            <MethodName>ResetPosition</MethodName>
        </MethodDefinition>
    </Methods>
</ModuleDefinition>