<?xml version="1.0"?>
<ModuleDefinition xmlns:xsi="http://www.w3.org/2001/XMLSchema-instance" xmlns:xsd="http://www.w3.org/2001/XMLSchema">
    <Fields>
        <FieldDefinition>
            <FieldName>aniState</FieldName>
        </FieldDefinition>
        <FieldDefinition>
            <FieldName>animSwitch</FieldName>
        </FieldDefinition>
        <FieldDefinition>
            <FieldName>animTime</FieldName>
        </FieldDefinition>
        <FieldDefinition>
            <FieldName>animationIsDisabled</FieldName>
        </FieldDefinition>
    </Fields>
    <Methods>
        <MethodDefinition>
            <MethodName>Toggle</MethodName>
        </MethodDefinition>
    </Methods>
</ModuleDefinition>