<?xml version="1.0"?>
<ModuleDefinition xmlns:xsi="http://www.w3.org/2001/XMLSchema-instance" xmlns:xsd="http://www.w3.org/2001/XMLSchema">
    <Fields>
        <FieldDefinition>
            <FieldName>generatorIsActive</FieldName>
        </FieldDefinition>
        <!--Value changes too often-->
        <!--<FieldDefinition>
            <FieldName>throttle</FieldName>
            <MaxIntervalInMs>10000</MaxIntervalInMs>
        </FieldDefinition>-->
    </Fields>
    <Methods>
        <MethodDefinition>
            <MethodName>Activate</MethodName>
        </MethodDefinition>
        <MethodDefinition>
            <MethodName>Shutdown</MethodName>
        </MethodDefinition>
    </Methods>
</ModuleDefinition>