<?xml version="1.0"?>
<ModuleDefinition xmlns:xsi="http://www.w3.org/2001/XMLSchema-instance" xmlns:xsd="http://www.w3.org/2001/XMLSchema">
    <Fields>
        <FieldDefinition>
            <FieldName>softMinMaxAngles</FieldName>
        </FieldDefinition>
        <FieldDefinition>
            <FieldName>targetAngle</FieldName>
        </FieldDefinition>
        <FieldDefinition>
            <FieldName>mirrorRotation</FieldName>
        </FieldDefinition>
        <FieldDefinition>
            <FieldName>traverseVelocity</FieldName>
        </FieldDefinition>
        <FieldDefinition>
            <FieldName>hingeDamping</FieldName>
        </FieldDefinition>
        <FieldDefinition>
            <FieldName>previousTargetAngle</FieldName>
        </FieldDefinition>
    </Fields>
</ModuleDefinition>