<?xml version="1.0"?>
<ModuleDefinition xmlns:xsi="http://www.w3.org/2001/XMLSchema-instance" xmlns:xsd="http://www.w3.org/2001/XMLSchema">
    <Fields>
        <!--Value changes often-->
        <!--<FieldDefinition>
            <FieldName>stateString</FieldName>
            <MaxIntervalInMs>10000</MaxIntervalInMs>
        </FieldDefinition>-->
    </Fields>
    <Methods>
        <MethodDefinition>
            <MethodName>OnToggle</MethodName>
        </MethodDefinition>
    </Methods>
</ModuleDefinition>
