<?xml version="1.0"?>
<!--Radiators have this part module-->
<ModuleDefinition xmlns:xsi="http://www.w3.org/2001/XMLSchema-instance" xmlns:xsd="http://www.w3.org/2001/XMLSchema">
    <Fields>
        <FieldDefinition>
            <FieldName>IsCooling</FieldName>
        </FieldDefinition>
    </Fields>
    <Methods>
        <MethodDefinition>
            <MethodName>Activate</MethodName>
        </MethodDefinition>
        <MethodDefinition>
            <MethodName>Shutdown</MethodName>
        </MethodDefinition>
    </Methods>
</ModuleDefinition>