<?xml version="1.0"?>
<ModuleDefinition xmlns:xsi="http://www.w3.org/2001/XMLSchema-instance" xmlns:xsd="http://www.w3.org/2001/XMLSchema">
    <Fields>
        <FieldDefinition>
            <FieldName>rpmLimit</FieldName>
        </FieldDefinition>
        <FieldDefinition>
            <FieldName>rotateCounterClockwise</FieldName>
        </FieldDefinition>
        <FieldDefinition>
            <FieldName>inverted</FieldName>
        </FieldDefinition>
        <FieldDefinition>
            <FieldName>ratcheted</FieldName>
        </FieldDefinition>
        <FieldDefinition>
            <FieldName>brakePercentage</FieldName>
        </FieldDefinition>
    </Fields>
</ModuleDefinition>