<?xml version="1.0"?>
<ModuleDefinition xmlns:xsi="http://www.w3.org/2001/XMLSchema-instance" xmlns:xsd="http://www.w3.org/2001/XMLSchema">
    <Fields>
        <FieldDefinition>
            <FieldName>stateString</FieldName>
        </FieldDefinition>
        <FieldDefinition>
            <FieldName>stateDisplayString</FieldName>
        </FieldDefinition>
    </Fields>
    <Methods>
        <MethodDefinition>
            <MethodName>EventToggle</MethodName>
        </MethodDefinition>
    </Methods>
</ModuleDefinition>
