<?xml version="1.0"?>
<ModuleDefinition xmlns:xsi="http://www.w3.org/2001/XMLSchema-instance" xmlns:xsd="http://www.w3.org/2001/XMLSchema">
    <Fields>
        <FieldDefinition>
            <FieldName>wheelType</FieldName>
        </FieldDefinition>
        <!--<FieldDefinition>
            <FieldName>isGrounded</FieldName>
            <MaxIntervalInMs>60000</MaxIntervalInMs>
        </FieldDefinition>-->
        <FieldDefinition>
            <FieldName>autoFriction</FieldName>
        </FieldDefinition>
    </Fields>
</ModuleDefinition>
