<?xml version="1.0" encoding="utf-16"?>

<DisclaimerDialogText xmlns:xsi="http://www.w3.org/2001/XMLSchema-instance" xmlns:xsd="http://www.w3.org/2001/XMLSchema">
  <Text>
Luna Multi Player (LMP) распространяет данную персональную опозноваемую информацию с главным сервером и любым сервером к которому вы подключаетесь.
a) Ваше игровое имя с которым вы присоединяетесь
b) Ваш игровой токен (Случайная сгенерированная строка чтобы идентифицировать вас).
c) Ваш IP адрес указан в консоли сервера.

LMP не контактирует с любым другим компьютером кроме сервера к которому вы присоединяетесь и главным сервером.
Что-бы использовать LMP, вы должны разрешить использование данной информации.

Для большей информации смотрите правила модификаций для KSP
    </Text>
  <Title>LunaMultiplayer - отказ от ответственности</Title>
  <Accept>Принять</Accept>
  <Decline>Отклонить</Decline>
</DisclaimerDialogText>