<?xml version="1.0" encoding="utf-16"?>

<ModWindowText xmlns:xsi="http://www.w3.org/2001/XMLSchema-instance" xmlns:xsd="http://www.w3.org/2001/XMLSchema">
  <Title>LunaMultiplayer - Неудачная проверка модов</Title>
  <MandatoryModsNotFound>Обязательных модов не найдено:</MandatoryModsNotFound>
  <MissingExpansions>Не найдены дополнения:</MissingExpansions>
  <MandatoryModsDifferentShaFound>Обязательные моды с разными SHA найдены:</MandatoryModsDifferentShaFound>
  <Link>Ссылка</Link>
  <ForbiddenFilesFound>Запрещённые моды найдены:</ForbiddenFilesFound>
  <NonListedFilesFound>Не указанных и запрещённых модов не найдено:</NonListedFilesFound>
  <MandatoryPartsNotFound>Обязательных частей не найдено:</MandatoryPartsNotFound>
  <ForbiddenPartsFound>Найдены запрещённые части:</ForbiddenPartsFound>
</ModWindowText>