﻿<?xml version="1.0" encoding="utf-16"?>

<ScreenText xmlns:xsi="http://www.w3.org/2001/XMLSchema-instance" xmlns:xsd="http://www.w3.org/2001/XMLSchema">
  <CraftUploaded>Крафт загружен!</CraftUploaded>
  <CraftSaved>Крафт сохранён!</CraftSaved>
  <ModFileGenerated>LMPModControl.xml файл сгенерирован в вашей папке KSP</ModFileGenerated>
  <Disconected>Вы были отключены!</Disconected>
  <Spectating>Этот корабль контролируется игроком:</Spectating>
  <SafetyBubble>Помните!! Когда вы внутри защитного пузыря вы не видны для других игроков!!</SafetyBubble>
  <CheckParts>Если вы используете модификации или дополнения которых нет у других людей они не будут видеть вас!</CheckParts>
  <CannotRecover>Не можем вернуть корабль, корабль не ваш.</CannotRecover>
  <CannotTerminate>Не можем уничтожить корабль, корабль не ваш.</CannotTerminate>
  <SpectatingRemoved>Корабль за которым вы наблюдали был удалён</SpectatingRemoved>
  <WarpDisabled>Не можем ускорить вермя, ускорения времени запрещены на этом сервере</WarpDisabled>
  <WaitingSubspace>Не можем ускорить время, ожидаем идентификатор подпространства от сервера</WaitingSubspace>
  <CannotWarpWhileSpectating>Не можем ускорить время когда наблюдаем</CannotWarpWhileSpectating>
  <ScreenshotInterval>Интервал между скриншотами $1 секунд. Не можем загрузить скриншот в данный момент</ScreenshotInterval>
  <CraftLibraryInterval>Интервал между запросами в библиотеку крафтов $1 секунд. Не можем обработать запрос в данный момент</CraftLibraryInterval>
  <ScreenshotTaken>Скриншот загружен!</ScreenshotTaken>
  <ImageSaved>Картинка сохранена в GameData/LunaMultiplayer/Screenshots</ImageSaved>
  <IncreasedInterpolationOffset>Внимание! Ваше значение интерполирования было изменено так как оно слишком низко для этого сервера</IncreasedInterpolationOffset>
  <SackingKerbalsNotAllowed>Этот сервер не позволяет увольнять кербалов</SackingKerbalsNotAllowed>
  <CannotLoadGames>LMP не разрешает загружать сохранёные игры</CannotLoadGames>
  <KerbalNotYours>Другой игрок уже исподьзует этого кербала</KerbalNotYours>
  <UnsafeToSync>Не можем синхронизироваться потому-что ваш аппарат может уничтожиться! Вы можете выключить проверку в настройках</UnsafeToSync>
</ScreenText>
