<?xml version="1.0" encoding="utf-16"?>

<ModWindowText xmlns:xsi="http://www.w3.org/2001/XMLSchema-instance" xmlns:xsd="http://www.w3.org/2001/XMLSchema">
  <Title>LunaMultiplayer - MOD认证失败</Title>
  <MandatoryModsNotFound>强制性MOD未找到：</MandatoryModsNotFound>
  <MissingExpansions>缺少扩展：</MissingExpansions>
  <MandatoryModsDifferentShaFound>发现不同SHA的强制性MOD：</MandatoryModsDifferentShaFound>
  <Link>链接</Link>
  <ForbiddenFilesFound>发现禁止的MOD：</ForbiddenFilesFound>
  <NonListedFilesFound>发现未列出或禁止的MOD：</NonListedFilesFound>
  <MandatoryPartsNotFound>强制性组件未找到：</MandatoryPartsNotFound>
  <ForbiddenPartsFound>发现禁止的组件：</ForbiddenPartsFound>
</ModWindowText>